id;title;description;rating;image;created_at;updated_at
1;input Concrete;Viaduct;44163;invoice Multi-channelled Industrial;2023-08-04;2023-08-04
2;Small Bacon withdrawal;Cotton Land payment;98908;Upgradable Principal Account;2023-08-05;2023-08-04
3;Human to Islands;Haiti Shirt world-class;9177;connect Plastic;2023-08-05;2023-08-04
4;Jordanian Consultant Buckinghamshire;Samoa;42952;panel;2023-08-04;2023-08-04
5;Buckinghamshire circuit upward-trending;Spurs digital Dynamic;26849;visualize;2023-08-04;2023-08-05
6;Square JSON;generating black local;85328;Personal interface;2023-08-04;2023-08-04
7;Home pink Implementation;SMTP Station Bulgaria;89655;Island;2023-08-04;2023-08-04
8;payment;Bridge auxiliary driver;55053;bifurcated;2023-08-05;2023-08-04
9;Wisconsin ADP Wooden;Outdoors capacitor;78156;mobile transmitting circuit;2023-08-04;2023-08-04
10;Personal Carolina Uzbekistan;solution haptic;50260;infrastructures;2023-08-05;2023-08-05
